INSERT INTO account (id, amount, bid, created_date, last_modified, version) VALUES (1, 0.00, 'ACC_0001', '2022-10-16 14:05:39.796441', '2022-10-16 14:05:39.796441', 0);
INSERT INTO account (id, amount, bid, created_date, last_modified, version) VALUES (2, 0.00, 'ACC_0002', '2022-10-16 14:05:39.796441', '2022-10-16 14:05:39.796441', 0);
INSERT INTO account (id, amount, bid, created_date, last_modified, version) VALUES (3, 0.00, 'ACC_0003', '2022-10-16 14:05:39.796441', '2022-10-16 14:05:39.796441', 0);
INSERT INTO account (id, amount, bid, created_date, last_modified, version) VALUES (4, 0.00, 'ACC_0004', '2022-10-16 14:05:39.796441', '2022-10-16 14:05:39.796441', 0);
INSERT INTO account (id, amount, bid, created_date, last_modified, version) VALUES (5, 0.00, 'ACC_0005', '2022-10-16 14:05:39.796441', '2022-10-16 14:05:39.796441', 0);
INSERT INTO account (id, amount, bid, created_date, last_modified, version) VALUES (6, 0.00, 'ACC_0006', '2022-10-16 14:05:39.796441', '2022-10-16 14:05:39.796441', 0);
INSERT INTO account (id, amount, bid, created_date, last_modified, version) VALUES (7, 0.00, 'ACC_0007', '2022-10-16 14:05:39.796441', '2022-10-16 14:05:39.796441', 0);
INSERT INTO account (id, amount, bid, created_date, last_modified, version) VALUES (8, 0.00, 'ACC_0008', '2022-10-16 14:05:39.796441', '2022-10-16 14:05:39.796441', 0);
INSERT INTO account (id, amount, bid, created_date, last_modified, version) VALUES (9, 0.00, 'ACC_0009', '2022-10-16 14:05:39.796441', '2022-10-16 14:05:39.796441', 0);
INSERT INTO account (id, amount, bid, created_date, last_modified, version) VALUES (10, 0.00, 'ACC_0010', '2022-10-16 14:05:39.796441', '2022-10-16 14:05:39.796441', 0);
INSERT INTO account (id, amount, bid, created_date, last_modified, version) VALUES (11, 0.00, 'ACC_0011', '2022-10-16 14:05:39.796441', '2022-10-16 14:05:39.796441', 0);
INSERT INTO account (id, amount, bid, created_date, last_modified, version) VALUES (12, 0.00, 'ACC_0012', '2022-10-16 14:05:39.796441', '2022-10-16 14:05:39.796441', 0);
INSERT INTO account (id, amount, bid, created_date, last_modified, version) VALUES (13, 0.00, 'ACC_0013', '2022-10-16 14:05:39.796441', '2022-10-16 14:05:39.796441', 0);
INSERT INTO account (id, amount, bid, created_date, last_modified, version) VALUES (14, 0.00, 'ACC_0014', '2022-10-16 14:05:39.796441', '2022-10-16 14:05:39.796441', 0);
INSERT INTO account (id, amount, bid, created_date, last_modified, version) VALUES (15, 0.00, 'ACC_0015', '2022-10-16 14:05:39.796441', '2022-10-16 14:05:39.796441', 0);
INSERT INTO account (id, amount, bid, created_date, last_modified, version) VALUES (16, 0.00, 'ACC_0016', '2022-10-16 14:05:39.796441', '2022-10-16 14:05:39.796441', 0);
INSERT INTO account (id, amount, bid, created_date, last_modified, version) VALUES (17, 0.00, 'ACC_0017', '2022-10-16 14:05:39.796441', '2022-10-16 14:05:39.796441', 0);
INSERT INTO account (id, amount, bid, created_date, last_modified, version) VALUES (18, 0.00, 'ACC_0018', '2022-10-16 14:05:39.796441', '2022-10-16 14:05:39.796441', 0);
INSERT INTO account (id, amount, bid, created_date, last_modified, version) VALUES (19, 0.00, 'ACC_0019', '2022-10-16 14:05:39.796441', '2022-10-16 14:05:39.796441', 0);
INSERT INTO account (id, amount, bid, created_date, last_modified, version) VALUES (20, 0.00, 'ACC_0020', '2022-10-16 14:05:39.796441', '2022-10-16 14:05:39.796441', 0);
INSERT INTO account (id, amount, bid, created_date, last_modified, version) VALUES (21, 0.00, 'ACC_0021', '2022-10-16 14:05:39.796441', '2022-10-16 14:05:39.796441', 0);
INSERT INTO account (id, amount, bid, created_date, last_modified, version) VALUES (22, 0.00, 'ACC_0022', '2022-10-16 14:05:39.796441', '2022-10-16 14:05:39.796441', 0);
INSERT INTO account (id, amount, bid, created_date, last_modified, version) VALUES (23, 0.00, 'ACC_0023', '2022-10-16 14:05:39.796441', '2022-10-16 14:05:39.796441', 0);
INSERT INTO account (id, amount, bid, created_date, last_modified, version) VALUES (24, 0.00, 'ACC_0024', '2022-10-16 14:05:39.796441', '2022-10-16 14:05:39.796441', 0);
INSERT INTO account (id, amount, bid, created_date, last_modified, version) VALUES (25, 0.00, 'ACC_0025', '2022-10-16 14:05:39.796441', '2022-10-16 14:05:39.796441', 0);
INSERT INTO account (id, amount, bid, created_date, last_modified, version) VALUES (26, 0.00, 'ACC_0026', '2022-10-16 14:05:39.796441', '2022-10-16 14:05:39.796441', 0);
INSERT INTO account (id, amount, bid, created_date, last_modified, version) VALUES (27, 0.00, 'ACC_0027', '2022-10-16 14:05:39.796441', '2022-10-16 14:05:39.796441', 0);
INSERT INTO account (id, amount, bid, created_date, last_modified, version) VALUES (28, 0.00, 'ACC_0028', '2022-10-16 14:05:39.796441', '2022-10-16 14:05:39.796441', 0);
INSERT INTO account (id, amount, bid, created_date, last_modified, version) VALUES (29, 0.00, 'ACC_0029', '2022-10-16 14:05:39.796441', '2022-10-16 14:05:39.796441', 0);
INSERT INTO account (id, amount, bid, created_date, last_modified, version) VALUES (30, 0.00, 'ACC_0030', '2022-10-16 14:05:39.796441', '2022-10-16 14:05:39.796441', 0);
INSERT INTO account (id, amount, bid, created_date, last_modified, version) VALUES (31, 0.00, 'ACC_0031', '2022-10-16 14:05:39.796441', '2022-10-16 14:05:39.796441', 0);
INSERT INTO account (id, amount, bid, created_date, last_modified, version) VALUES (32, 0.00, 'ACC_0032', '2022-10-16 14:05:39.796441', '2022-10-16 14:05:39.796441', 0);
INSERT INTO account (id, amount, bid, created_date, last_modified, version) VALUES (33, 0.00, 'ACC_0033', '2022-10-16 14:05:39.796441', '2022-10-16 14:05:39.796441', 0);
INSERT INTO account (id, amount, bid, created_date, last_modified, version) VALUES (34, 0.00, 'ACC_0034', '2022-10-16 14:05:39.796441', '2022-10-16 14:05:39.796441', 0);
INSERT INTO account (id, amount, bid, created_date, last_modified, version) VALUES (35, 0.00, 'ACC_0035', '2022-10-16 14:05:39.796441', '2022-10-16 14:05:39.796441', 0);
INSERT INTO account (id, amount, bid, created_date, last_modified, version) VALUES (36, 0.00, 'ACC_0036', '2022-10-16 14:05:39.796441', '2022-10-16 14:05:39.796441', 0);
INSERT INTO account (id, amount, bid, created_date, last_modified, version) VALUES (37, 0.00, 'ACC_0037', '2022-10-16 14:05:39.796441', '2022-10-16 14:05:39.796441', 0);
INSERT INTO account (id, amount, bid, created_date, last_modified, version) VALUES (38, 0.00, 'ACC_0038', '2022-10-16 14:05:39.796441', '2022-10-16 14:05:39.796441', 0);
INSERT INTO account (id, amount, bid, created_date, last_modified, version) VALUES (39, 0.00, 'ACC_0039', '2022-10-16 14:05:39.796441', '2022-10-16 14:05:39.796441', 0);
INSERT INTO account (id, amount, bid, created_date, last_modified, version) VALUES (40, 0.00, 'ACC_0040', '2022-10-16 14:05:39.796441', '2022-10-16 14:05:39.796441', 0);
INSERT INTO account (id, amount, bid, created_date, last_modified, version) VALUES (41, 0.00, 'ACC_0041', '2022-10-16 14:05:39.796441', '2022-10-16 14:05:39.796441', 0);
INSERT INTO account (id, amount, bid, created_date, last_modified, version) VALUES (42, 0.00, 'ACC_0042', '2022-10-16 14:05:39.796441', '2022-10-16 14:05:39.796441', 0);
INSERT INTO account (id, amount, bid, created_date, last_modified, version) VALUES (43, 0.00, 'ACC_0043', '2022-10-16 14:05:39.796441', '2022-10-16 14:05:39.796441', 0);
INSERT INTO account (id, amount, bid, created_date, last_modified, version) VALUES (44, 0.00, 'ACC_0044', '2022-10-16 14:05:39.796441', '2022-10-16 14:05:39.796441', 0);
INSERT INTO account (id, amount, bid, created_date, last_modified, version) VALUES (45, 0.00, 'ACC_0045', '2022-10-16 14:05:39.796441', '2022-10-16 14:05:39.796441', 0);
INSERT INTO account (id, amount, bid, created_date, last_modified, version) VALUES (46, 0.00, 'ACC_0046', '2022-10-16 14:05:39.796441', '2022-10-16 14:05:39.796441', 0);
INSERT INTO account (id, amount, bid, created_date, last_modified, version) VALUES (47, 0.00, 'ACC_0047', '2022-10-16 14:05:39.796441', '2022-10-16 14:05:39.796441', 0);
INSERT INTO account (id, amount, bid, created_date, last_modified, version) VALUES (48, 0.00, 'ACC_0048', '2022-10-16 14:05:39.796441', '2022-10-16 14:05:39.796441', 0);
INSERT INTO account (id, amount, bid, created_date, last_modified, version) VALUES (49, 0.00, 'ACC_0049', '2022-10-16 14:05:39.796441', '2022-10-16 14:05:39.796441', 0);
INSERT INTO account (id, amount, bid, created_date, last_modified, version) VALUES (50, 0.00, 'ACC_0050', '2022-10-16 14:05:39.796441', '2022-10-16 14:05:39.796441', 0);

INSERT INTO address (id, bid, city, street, street_no, created_date, last_modified, version) VALUES (1, 'ADD_0001', 'Nehe', 'Evergreen', 494, '2022-10-16 14:05:54.718206', '2022-10-16 14:05:54.718206', 0);
INSERT INTO address (id, bid, city, street, street_no, created_date, last_modified, version) VALUES (2, 'ADD_0002', 'Shu', 'Shasta', 44726, '2022-10-16 14:05:54.718206', '2022-10-16 14:05:54.718206', 0);
INSERT INTO address (id, bid, city, street, street_no, created_date, last_modified, version) VALUES (3, 'ADD_0003', 'Yanshang', 'Anderson', 31558, '2022-10-16 14:05:54.718206', '2022-10-16 14:05:54.718206', 0);
INSERT INTO address (id, bid, city, street, street_no, created_date, last_modified, version) VALUES (4, 'ADD_0004', 'Zhanghekou', 'Mesta', 195, '2022-10-16 14:05:54.718206', '2022-10-16 14:05:54.718206', 0);
INSERT INTO address (id, bid, city, street, street_no, created_date, last_modified, version) VALUES (5, 'ADD_0005', 'Ryjewo', 'Annamark', 61, '2022-10-16 14:05:54.718206', '2022-10-16 14:05:54.718206', 0);
INSERT INTO address (id, bid, city, street, street_no, created_date, last_modified, version) VALUES (6, 'ADD_0006', 'Bauru', 'Oxford', 978, '2022-10-16 14:05:54.718206', '2022-10-16 14:05:54.718206', 0);
INSERT INTO address (id, bid, city, street, street_no, created_date, last_modified, version) VALUES (7, 'ADD_0007', 'Rudziczka', 'Toban', 782, '2022-10-16 14:05:54.718206', '2022-10-16 14:05:54.718206', 0);
INSERT INTO address (id, bid, city, street, street_no, created_date, last_modified, version) VALUES (8, 'ADD_0008', 'Chixi', 'Dennis', 466, '2022-10-16 14:05:54.718206', '2022-10-16 14:05:54.718206', 0);
INSERT INTO address (id, bid, city, street, street_no, created_date, last_modified, version) VALUES (9, 'ADD_0009', 'Čoka', 'John Wall', 45328, '2022-10-16 14:05:54.718206', '2022-10-16 14:05:54.718206', 0);
INSERT INTO address (id, bid, city, street, street_no, created_date, last_modified, version) VALUES (10, 'ADD_0010', 'Chanhe', 'Marquette', 1, '2022-10-16 14:05:54.718206', '2022-10-16 14:05:54.718206', 0);
INSERT INTO address (id, bid, city, street, street_no, created_date, last_modified, version) VALUES (11, 'ADD_0011', 'Kalilu', 'Di Loreto', 121, '2022-10-16 14:05:54.718206', '2022-10-16 14:05:54.718206', 0);
INSERT INTO address (id, bid, city, street, street_no, created_date, last_modified, version) VALUES (12, 'ADD_0012', 'Otra Banda', 'Rutledge', 93, '2022-10-16 14:05:54.718206', '2022-10-16 14:05:54.718206', 0);
INSERT INTO address (id, bid, city, street, street_no, created_date, last_modified, version) VALUES (13, 'ADD_0013', 'Banjar Sengguan', 'Twin Pines', 7, '2022-10-16 14:05:54.718206', '2022-10-16 14:05:54.718206', 0);
INSERT INTO address (id, bid, city, street, street_no, created_date, last_modified, version) VALUES (14, 'ADD_0014', 'Hamberang Sabrang', 'Victoria', 5956, '2022-10-16 14:05:54.718206', '2022-10-16 14:05:54.718206', 0);
INSERT INTO address (id, bid, city, street, street_no, created_date, last_modified, version) VALUES (15, 'ADD_0015', 'Svislach', 'Judy', 434, '2022-10-16 14:05:54.718206', '2022-10-16 14:05:54.718206', 0);
INSERT INTO address (id, bid, city, street, street_no, created_date, last_modified, version) VALUES (16, 'ADD_0016', 'Jīwani', 'Fairview', 31499, '2022-10-16 14:05:54.718206', '2022-10-16 14:05:54.718206', 0);
INSERT INTO address (id, bid, city, street, street_no, created_date, last_modified, version) VALUES (17, 'ADD_0017', 'Cikalong', 'Vahlen', 75540, '2022-10-16 14:05:54.718206', '2022-10-16 14:05:54.718206', 0);
INSERT INTO address (id, bid, city, street, street_no, created_date, last_modified, version) VALUES (18, 'ADD_0018', 'Nacaome', 'Dakota', 55875, '2022-10-16 14:05:54.718206', '2022-10-16 14:05:54.718206', 0);
INSERT INTO address (id, bid, city, street, street_no, created_date, last_modified, version) VALUES (19, 'ADD_0019', 'Gudang', 'Parkside', 7, '2022-10-16 14:05:54.718206', '2022-10-16 14:05:54.718206', 0);
INSERT INTO address (id, bid, city, street, street_no, created_date, last_modified, version) VALUES (20, 'ADD_0020', 'Panacan', 'Granby', 20116, '2022-10-16 14:05:54.718206', '2022-10-16 14:05:54.718206', 0);
INSERT INTO address (id, bid, city, street, street_no, created_date, last_modified, version) VALUES (21, 'ADD_0021', 'Fovissste', 'Reindahl', 25148, '2022-10-16 14:05:54.718206', '2022-10-16 14:05:54.718206', 0);
INSERT INTO address (id, bid, city, street, street_no, created_date, last_modified, version) VALUES (22, 'ADD_0022', 'Doom', 'Stoughton', 48, '2022-10-16 14:05:54.718206', '2022-10-16 14:05:54.718206', 0);
INSERT INTO address (id, bid, city, street, street_no, created_date, last_modified, version) VALUES (23, 'ADD_0023', 'Pocsi', 'Burning Wood', 20, '2022-10-16 14:05:54.718206', '2022-10-16 14:05:54.718206', 0);
INSERT INTO address (id, bid, city, street, street_no, created_date, last_modified, version) VALUES (24, 'ADD_0024', 'Agía Varvára', 'Golf View', 22805, '2022-10-16 14:05:54.718206', '2022-10-16 14:05:54.718206', 0);
INSERT INTO address (id, bid, city, street, street_no, created_date, last_modified, version) VALUES (25, 'ADD_0025', 'Sydney', 'Acker', 72, '2022-10-16 14:05:54.718206', '2022-10-16 14:05:54.718206', 0);
INSERT INTO address (id, bid, city, street, street_no, created_date, last_modified, version) VALUES (26, 'ADD_0026', 'Hòa Bình', 'Talmadge', 898, '2022-10-16 14:05:54.718206', '2022-10-16 14:05:54.718206', 0);
INSERT INTO address (id, bid, city, street, street_no, created_date, last_modified, version) VALUES (27, 'ADD_0027', 'Dongjiang Matoukou', 'Spenser', 542, '2022-10-16 14:05:54.718206', '2022-10-16 14:05:54.718206', 0);
INSERT INTO address (id, bid, city, street, street_no, created_date, last_modified, version) VALUES (28, 'ADD_0028', 'Sarnów', 'Swallow', 0, '2022-10-16 14:05:54.718206', '2022-10-16 14:05:54.718206', 0);
INSERT INTO address (id, bid, city, street, street_no, created_date, last_modified, version) VALUES (29, 'ADD_0029', 'Prnjavor', 'Lakewood Gardens', 6631, '2022-10-16 14:05:54.718206', '2022-10-16 14:05:54.718206', 0);
INSERT INTO address (id, bid, city, street, street_no, created_date, last_modified, version) VALUES (30, 'ADD_0030', 'Turanj', 'Eastlawn', 43, '2022-10-16 14:05:54.718206', '2022-10-16 14:05:54.718206', 0);
INSERT INTO address (id, bid, city, street, street_no, created_date, last_modified, version) VALUES (31, 'ADD_0031', 'Lubbock', 'Schmedeman', 7, '2022-10-16 14:05:54.718206', '2022-10-16 14:05:54.718206', 0);
INSERT INTO address (id, bid, city, street, street_no, created_date, last_modified, version) VALUES (32, 'ADD_0032', 'Maikawada', 'Mandrake', 52366, '2022-10-16 14:05:54.718206', '2022-10-16 14:05:54.718206', 0);
INSERT INTO address (id, bid, city, street, street_no, created_date, last_modified, version) VALUES (33, 'ADD_0033', 'Guebwiller', 'Village', 21577, '2022-10-16 14:05:54.718206', '2022-10-16 14:05:54.718206', 0);
INSERT INTO address (id, bid, city, street, street_no, created_date, last_modified, version) VALUES (34, 'ADD_0034', 'Dokshytsy', 'Surrey', 37, '2022-10-16 14:05:54.718206', '2022-10-16 14:05:54.718206', 0);
INSERT INTO address (id, bid, city, street, street_no, created_date, last_modified, version) VALUES (35, 'ADD_0035', 'Bierawa', 'Truax', 27150, '2022-10-16 14:05:54.718206', '2022-10-16 14:05:54.718206', 0);
INSERT INTO address (id, bid, city, street, street_no, created_date, last_modified, version) VALUES (36, 'ADD_0036', 'Bethanie', 'Elmside', 3, '2022-10-16 14:05:54.718206', '2022-10-16 14:05:54.718206', 0);
INSERT INTO address (id, bid, city, street, street_no, created_date, last_modified, version) VALUES (37, 'ADD_0037', 'Pradera', 'Leroy', 6, '2022-10-16 14:05:54.718206', '2022-10-16 14:05:54.718206', 0);
INSERT INTO address (id, bid, city, street, street_no, created_date, last_modified, version) VALUES (38, 'ADD_0038', 'Örebro', 'Judy', 9543, '2022-10-16 14:05:54.718206', '2022-10-16 14:05:54.718206', 0);
INSERT INTO address (id, bid, city, street, street_no, created_date, last_modified, version) VALUES (39, 'ADD_0039', 'Singosari', 'Redwing', 70608, '2022-10-16 14:05:54.718206', '2022-10-16 14:05:54.718206', 0);
INSERT INTO address (id, bid, city, street, street_no, created_date, last_modified, version) VALUES (40, 'ADD_0040', 'Staryye Atagi', 'Del Sol', 9, '2022-10-16 14:05:54.718206', '2022-10-16 14:05:54.718206', 0);
INSERT INTO address (id, bid, city, street, street_no, created_date, last_modified, version) VALUES (41, 'ADD_0041', 'Emiliano Zapata', 'Stoughton', 6, '2022-10-16 14:05:54.718206', '2022-10-16 14:05:54.718206', 0);
INSERT INTO address (id, bid, city, street, street_no, created_date, last_modified, version) VALUES (42, 'ADD_0042', 'Kupu', 'Duke', 43506, '2022-10-16 14:05:54.718206', '2022-10-16 14:05:54.718206', 0);
INSERT INTO address (id, bid, city, street, street_no, created_date, last_modified, version) VALUES (43, 'ADD_0043', 'Cadiz', 'John Wall', 98437, '2022-10-16 14:05:54.718206', '2022-10-16 14:05:54.718206', 0);
INSERT INTO address (id, bid, city, street, street_no, created_date, last_modified, version) VALUES (44, 'ADD_0044', 'Rowotengah', 'Oak Valley', 522, '2022-10-16 14:05:54.718206', '2022-10-16 14:05:54.718206', 0);
INSERT INTO address (id, bid, city, street, street_no, created_date, last_modified, version) VALUES (45, 'ADD_0045', 'Mölnlycke', 'Northwestern', 9, '2022-10-16 14:05:54.718206', '2022-10-16 14:05:54.718206', 0);
INSERT INTO address (id, bid, city, street, street_no, created_date, last_modified, version) VALUES (46, 'ADD_0046', 'Al ‘Awjā', 'Everett', 29, '2022-10-16 14:05:54.718206', '2022-10-16 14:05:54.718206', 0);
INSERT INTO address (id, bid, city, street, street_no, created_date, last_modified, version) VALUES (47, 'ADD_0047', 'Asan Kumbang', 'Kennedy', 26511, '2022-10-16 14:05:54.718206', '2022-10-16 14:05:54.718206', 0);
INSERT INTO address (id, bid, city, street, street_no, created_date, last_modified, version) VALUES (48, 'ADD_0048', 'Bordeaux', 'Summerview', 9406, '2022-10-16 14:05:54.718206', '2022-10-16 14:05:54.718206', 0);
INSERT INTO address (id, bid, city, street, street_no, created_date, last_modified, version) VALUES (49, 'ADD_0049', 'Zhenshan', '3rd', 96, '2022-10-16 14:05:54.718206', '2022-10-16 14:05:54.718206', 0);
INSERT INTO address (id, bid, city, street, street_no, created_date, last_modified, version) VALUES (50, 'ADD_0050', 'Baicaogou', 'Di Loreto', 80, '2022-10-16 14:05:54.718206', '2022-10-16 14:05:54.718206', 0);

INSERT INTO person (id, bid, name, primary_address_id, created_date, last_modified, version) VALUES (1, 'NA_0001', 'Nevin', 1, '2022-10-16 14:06:03.542698', '2022-10-16 14:06:03.542698', 0);
INSERT INTO person (id, bid, name, primary_address_id, created_date, last_modified, version) VALUES (2, 'NA_0002', 'Vlad', 1, '2022-10-16 14:06:03.542698', '2022-10-16 14:06:03.542698', 0);
INSERT INTO person (id, bid, name, primary_address_id, created_date, last_modified, version) VALUES (3, 'NA_0003', 'Bryna', 2, '2022-10-16 14:06:03.542698', '2022-10-16 14:06:03.542698', 0);
INSERT INTO person (id, bid, name, primary_address_id, created_date, last_modified, version) VALUES (4, 'NA_0004', 'Brandi', 2, '2022-10-16 14:06:03.542698', '2022-10-16 14:06:03.542698', 0);
INSERT INTO person (id, bid, name, primary_address_id, created_date, last_modified, version) VALUES (5, 'NA_0005', 'Rockie', 3, '2022-10-16 14:06:03.542698', '2022-10-16 14:06:03.542698', 0);
INSERT INTO person (id, bid, name, primary_address_id, created_date, last_modified, version) VALUES (6, 'NA_0006', 'Camala', 3, '2022-10-16 14:06:03.542698', '2022-10-16 14:06:03.542698', 0);
INSERT INTO person (id, bid, name, primary_address_id, created_date, last_modified, version) VALUES (7, 'NA_0007', 'Fleming', 4, '2022-10-16 14:06:03.542698', '2022-10-16 14:06:03.542698', 0);
INSERT INTO person (id, bid, name, primary_address_id, created_date, last_modified, version) VALUES (8, 'NA_0008', 'Cam', 4, '2022-10-16 14:06:03.542698', '2022-10-16 14:06:03.542698', 0);
INSERT INTO person (id, bid, name, primary_address_id, created_date, last_modified, version) VALUES (9, 'NA_0009', 'Liv', 5, '2022-10-16 14:06:03.542698', '2022-10-16 14:06:03.542698', 0);
INSERT INTO person (id, bid, name, primary_address_id, created_date, last_modified, version) VALUES (10, 'NA_0010', 'Dev', 5, '2022-10-16 14:06:03.542698', '2022-10-16 14:06:03.542698', 0);

INSERT INTO person_accounts (person_id, accounts_id) VALUES (1, 1);
INSERT INTO person_accounts (person_id, accounts_id) VALUES (2, 2);
INSERT INTO person_accounts (person_id, accounts_id) VALUES (3, 3);
INSERT INTO person_accounts (person_id, accounts_id) VALUES (4, 4);
INSERT INTO person_accounts (person_id, accounts_id) VALUES (5, 5);
INSERT INTO person_accounts (person_id, accounts_id) VALUES (6, 6);
INSERT INTO person_accounts (person_id, accounts_id) VALUES (7, 7);
INSERT INTO person_accounts (person_id, accounts_id) VALUES (8, 8);
INSERT INTO person_accounts (person_id, accounts_id) VALUES (9, 9);
INSERT INTO person_accounts (person_id, accounts_id) VALUES (10, 10);
INSERT INTO person_accounts (person_id, accounts_id) VALUES (1, 34);
INSERT INTO person_accounts (person_id, accounts_id) VALUES (2, 22);
INSERT INTO person_accounts (person_id, accounts_id) VALUES (3, 49);
INSERT INTO person_accounts (person_id, accounts_id) VALUES (4, 16);
INSERT INTO person_accounts (person_id, accounts_id) VALUES (5, 26);
INSERT INTO person_accounts (person_id, accounts_id) VALUES (6, 31);
INSERT INTO person_accounts (person_id, accounts_id) VALUES (7, 33);
INSERT INTO person_accounts (person_id, accounts_id) VALUES (8, 25);
INSERT INTO person_accounts (person_id, accounts_id) VALUES (9, 49);
INSERT INTO person_accounts (person_id, accounts_id) VALUES (10, 37);
INSERT INTO person_accounts (person_id, accounts_id) VALUES (1, 23);
INSERT INTO person_accounts (person_id, accounts_id) VALUES (2, 49);
INSERT INTO person_accounts (person_id, accounts_id) VALUES (3, 43);
INSERT INTO person_accounts (person_id, accounts_id) VALUES (4, 19);
INSERT INTO person_accounts (person_id, accounts_id) VALUES (5, 31);
INSERT INTO person_accounts (person_id, accounts_id) VALUES (6, 35);
INSERT INTO person_accounts (person_id, accounts_id) VALUES (7, 13);
INSERT INTO person_accounts (person_id, accounts_id) VALUES (8, 43);
INSERT INTO person_accounts (person_id, accounts_id) VALUES (9, 25);
INSERT INTO person_accounts (person_id, accounts_id) VALUES (10, 16);
INSERT INTO person_accounts (person_id, accounts_id) VALUES (1, 36);
INSERT INTO person_accounts (person_id, accounts_id) VALUES (2, 38);
INSERT INTO person_accounts (person_id, accounts_id) VALUES (3, 27);
INSERT INTO person_accounts (person_id, accounts_id) VALUES (4, 30);
INSERT INTO person_accounts (person_id, accounts_id) VALUES (5, 42);
INSERT INTO person_accounts (person_id, accounts_id) VALUES (6, 23);
INSERT INTO person_accounts (person_id, accounts_id) VALUES (7, 15);
INSERT INTO person_accounts (person_id, accounts_id) VALUES (8, 15);
INSERT INTO person_accounts (person_id, accounts_id) VALUES (9, 24);
INSERT INTO person_accounts (person_id, accounts_id) VALUES (10, 45);
INSERT INTO person_accounts (person_id, accounts_id) VALUES (1, 39);
INSERT INTO person_accounts (person_id, accounts_id) VALUES (2, 30);
INSERT INTO person_accounts (person_id, accounts_id) VALUES (3, 35);
INSERT INTO person_accounts (person_id, accounts_id) VALUES (4, 25);
INSERT INTO person_accounts (person_id, accounts_id) VALUES (5, 30);
INSERT INTO person_accounts (person_id, accounts_id) VALUES (6, 38);
INSERT INTO person_accounts (person_id, accounts_id) VALUES (7, 41);
INSERT INTO person_accounts (person_id, accounts_id) VALUES (8, 49);
INSERT INTO person_accounts (person_id, accounts_id) VALUES (9, 22);
INSERT INTO person_accounts (person_id, accounts_id) VALUES (10, 17);

INSERT INTO person_addresses (person_id, addresses_id) VALUES (1, 1);
INSERT INTO person_addresses (person_id, addresses_id) VALUES (2, 2);
INSERT INTO person_addresses (person_id, addresses_id) VALUES (3, 3);
INSERT INTO person_addresses (person_id, addresses_id) VALUES (4, 4);
INSERT INTO person_addresses (person_id, addresses_id) VALUES (5, 5);
INSERT INTO person_addresses (person_id, addresses_id) VALUES (6, 6);
INSERT INTO person_addresses (person_id, addresses_id) VALUES (7, 7);
INSERT INTO person_addresses (person_id, addresses_id) VALUES (8, 8);
INSERT INTO person_addresses (person_id, addresses_id) VALUES (9, 9);
INSERT INTO person_addresses (person_id, addresses_id) VALUES (10, 10);
INSERT INTO person_addresses (person_id, addresses_id) VALUES (1, 34);
INSERT INTO person_addresses (person_id, addresses_id) VALUES (2, 22);
INSERT INTO person_addresses (person_id, addresses_id) VALUES (3, 49);
INSERT INTO person_addresses (person_id, addresses_id) VALUES (4, 16);
INSERT INTO person_addresses (person_id, addresses_id) VALUES (5, 26);
INSERT INTO person_addresses (person_id, addresses_id) VALUES (6, 31);
INSERT INTO person_addresses (person_id, addresses_id) VALUES (7, 33);
INSERT INTO person_addresses (person_id, addresses_id) VALUES (8, 25);
INSERT INTO person_addresses (person_id, addresses_id) VALUES (9, 49);
INSERT INTO person_addresses (person_id, addresses_id) VALUES (10, 37);
INSERT INTO person_addresses (person_id, addresses_id) VALUES (1, 23);
INSERT INTO person_addresses (person_id, addresses_id) VALUES (2, 49);
INSERT INTO person_addresses (person_id, addresses_id) VALUES (3, 43);
INSERT INTO person_addresses (person_id, addresses_id) VALUES (4, 19);
INSERT INTO person_addresses (person_id, addresses_id) VALUES (5, 31);
INSERT INTO person_addresses (person_id, addresses_id) VALUES (6, 35);
INSERT INTO person_addresses (person_id, addresses_id) VALUES (7, 13);
INSERT INTO person_addresses (person_id, addresses_id) VALUES (8, 43);
INSERT INTO person_addresses (person_id, addresses_id) VALUES (9, 25);
INSERT INTO person_addresses (person_id, addresses_id) VALUES (10, 16);
INSERT INTO person_addresses (person_id, addresses_id) VALUES (1, 36);
INSERT INTO person_addresses (person_id, addresses_id) VALUES (2, 38);
INSERT INTO person_addresses (person_id, addresses_id) VALUES (3, 27);
INSERT INTO person_addresses (person_id, addresses_id) VALUES (4, 30);
INSERT INTO person_addresses (person_id, addresses_id) VALUES (5, 42);
INSERT INTO person_addresses (person_id, addresses_id) VALUES (6, 23);
INSERT INTO person_addresses (person_id, addresses_id) VALUES (7, 15);
INSERT INTO person_addresses (person_id, addresses_id) VALUES (8, 15);
INSERT INTO person_addresses (person_id, addresses_id) VALUES (9, 24);
INSERT INTO person_addresses (person_id, addresses_id) VALUES (10, 45);
INSERT INTO person_addresses (person_id, addresses_id) VALUES (1, 39);
INSERT INTO person_addresses (person_id, addresses_id) VALUES (2, 30);
INSERT INTO person_addresses (person_id, addresses_id) VALUES (3, 35);
INSERT INTO person_addresses (person_id, addresses_id) VALUES (4, 25);
INSERT INTO person_addresses (person_id, addresses_id) VALUES (5, 30);
INSERT INTO person_addresses (person_id, addresses_id) VALUES (6, 38);
INSERT INTO person_addresses (person_id, addresses_id) VALUES (7, 41);
INSERT INTO person_addresses (person_id, addresses_id) VALUES (8, 49);
INSERT INTO person_addresses (person_id, addresses_id) VALUES (9, 22);
INSERT INTO person_addresses (person_id, addresses_id) VALUES (10, 17);
